,keywords,number_of_times_word_appeared,tf,idf,tf_idf
201,in,398,0.017385986370784555,-5.986452005284438,-0.1040803729732311
387,an,350,0.015289183994408527,-5.857933154483459,-0.08956301782584355
1181,re,299,0.013061331469508998,-5.700443573390687,-0.0744553830352881
648,he,267,0.011663463218591647,-5.58724865840025,-0.06516666922037684
687,on,240,0.010484011881880133,-5.480638923341991,-0.057459083592612176
920,at,223,0.00974139437358029,-5.407171771460119,-0.05267339267148377
269,the,219,0.009566660842215621,-5.389071729816501,-0.051555421493526724
119,to,209,0.00912982701380395,-5.342334251964811,-0.04877458757035844
817,or,192,0.008387209505504107,-5.2574953720277815,-0.04409571515941526
738,and,166,0.007251441551633759,-5.111987788356543,-0.03706928065993299
1094,it,151,0.00659619080901625,-5.017279836814924,-0.033094935145861155
1170,is,126,0.00550410623798707,-4.836281906951478,-0.026619409412715633
951,us,98,0.004280971518434387,-4.584967478670572,-0.019628115189136642
547,of,81,0.0035383540101345447,-4.394449154672439,-0.015549116788767586
537,as,79,0.00345098724445221,-4.3694478524670215,-0.015078908804162794
296,be,60,0.002621002970470033,-4.0943445622221,-0.010731289259711953
932,no,52,0.0022715359077406954,-3.951243718581427,-0.008975391986992582
147,for,48,0.0020968023763760267,-3.871201010907891,-0.008117143479100943
779,era,48,0.0020968023763760267,-3.871201010907891,-0.008117143479100943
223,will,43,0.0018783854621701906,-3.7612001156935624,-0.007064983617631627
710,so,35,0.0015289183994408528,-3.5553480614894135,-0.005435837067627533
7,are,34,0.0014852350165996855,-3.5263605246161616,-0.0052374741323147605
475,all,30,0.0013105014852350166,-3.4011973816621555,-0.004457274220245704
1031,that,30,0.0013105014852350166,-3.4011973816621555,-0.004457274220245704
86,up,29,0.0012668181023938493,-3.367295829986474,-0.004265751313542187
613,new,29,0.0012668181023938493,-3.367295829986474,-0.004265751313542187
469,we,28,0.0012231347195526823,-3.332204510175204,-0.004075735029045331
478,their,28,0.0012231347195526823,-3.332204510175204,-0.004075735029045331
579,our,25,0.0010920845710291804,-3.2188758248682006,-0.003515284624397388
176,customer,25,0.0010920845710291804,-3.2188758248682006,-0.003515284624397388
592,if,25,0.0010920845710291804,-3.2188758248682006,-0.003515284624397388
30,how,24,0.0010484011881880134,-3.1780538303479458,-0.0033318754118622533
1212,they,24,0.0010484011881880134,-3.1780538303479458,-0.0033318754118622533
388,digital,24,0.0010484011881880134,-3.1780538303479458,-0.0033318754118622533
627,companies,23,0.001004717805346846,-3.1354942159291497,-0.003150286867306065
860,ins,23,0.001004717805346846,-3.1354942159291497,-0.003150286867306065
361,rate,23,0.001004717805346846,-3.1354942159291497,-0.003150286867306065
153,The,23,0.001004717805346846,-3.1354942159291497,-0.003150286867306065
80,this,21,0.0009173510396645116,-3.044522437723423,-0.0027928958235275154
1047,end,20,0.0008736676568233444,-2.995732273553991,-0.0026172743959059852
877,do,20,0.0008736676568233444,-2.995732273553991,-0.0026172743959059852
66,leaders,19,0.0008299842739821772,-2.9444389791664407,-0.002443838048408281
753,work,19,0.0008299842739821772,-2.9444389791664407,-0.002443838048408281
303,with,19,0.0008299842739821772,-2.9444389791664407,-0.002443838048408281
712,business,19,0.0008299842739821772,-2.9444389791664407,-0.002443838048408281
1205,operation,19,0.0008299842739821772,-2.9444389791664407,-0.002443838048408281
895,act,19,0.0008299842739821772,-2.9444389791664407,-0.002443838048408281
821,have,18,0.0007863008911410099,-2.890371757896165,-0.002272701888962562
884,In,17,0.0007426175082998427,-2.833213344056216,-0.0021039938340448924
539,can,17,0.0007426175082998427,-2.833213344056216,-0.0021039938340448924
1135,operations,17,0.0007426175082998427,-2.833213344056216,-0.0021039938340448924
1192,over,17,0.0007426175082998427,-2.833213344056216,-0.0021039938340448924
616,not,17,0.0007426175082998427,-2.833213344056216,-0.0021039938340448924
101,model,16,0.0006989341254586755,-2.772588722239781,-0.0019378568738352478
1211,even,16,0.0006989341254586755,-2.772588722239781,-0.0019378568738352478
1020,more,16,0.0006989341254586755,-2.772588722239781,-0.0019378568738352478
814,by,16,0.0006989341254586755,-2.772588722239781,-0.0019378568738352478
499,need,16,0.0006989341254586755,-2.772588722239781,-0.0019378568738352478
763,tech,15,0.0006552507426175083,-2.70805020110221,-0.0017744519053177158
620,go,15,0.0006552507426175083,-2.70805020110221,-0.0017744519053177158
1058,very,15,0.0006552507426175083,-2.70805020110221,-0.0017744519053177158
158,COVID,14,0.0006115673597763411,-2.639057329615259,-0.0016139613233712052
394,ever,14,0.0006115673597763411,-2.639057329615259,-0.0016139613233712052
385,crisis,14,0.0006115673597763411,-2.639057329615259,-0.0016139613233712052
446,organization,13,0.0005678839769351739,-2.5649493574615367,-0.0014565936417525764
768,one,13,0.0005678839769351739,-2.5649493574615367,-0.0014565936417525764
699,team,13,0.0005678839769351739,-2.5649493574615367,-0.0014565936417525764
189,has,13,0.0005678839769351739,-2.5649493574615367,-0.0014565936417525764
1121,use,13,0.0005678839769351739,-2.5649493574615367,-0.0014565936417525764
257,fast,12,0.0005242005940940067,-2.4849066497880004,-0.0013025895420870177
735,company,12,0.0005242005940940067,-2.4849066497880004,-0.0013025895420870177
1173,value,11,0.0004805172112528394,-2.3978952727983707,-0.0011522299493614396
364,decision,11,0.0004805172112528394,-2.3978952727983707,-0.0011522299493614396
1071,develop,11,0.0004805172112528394,-2.3978952727983707,-0.0011522299493614396
242,customers,11,0.0004805172112528394,-2.3978952727983707,-0.0011522299493614396
660,way,11,0.0004805172112528394,-2.3978952727983707,-0.0011522299493614396
727,recover,10,0.0004368338284116722,-2.3025850929940455,-0.0010058470614162352
238,turn,10,0.0004368338284116722,-2.3025850929940455,-0.0010058470614162352
1072,quick,10,0.0004368338284116722,-2.3025850929940455,-0.0010058470614162352
615,its,10,0.0004368338284116722,-2.3025850929940455,-0.0010058470614162352
8,led,10,0.0004368338284116722,-2.3025850929940455,-0.0010058470614162352
844,making,9,0.00039315044557050496,-2.1972245773362196,-0.0008638398215981991
5,example,9,0.00039315044557050496,-2.1972245773362196,-0.0008638398215981991
322,chain,9,0.00039315044557050496,-2.1972245773362196,-0.0008638398215981991
646,demand,9,0.00039315044557050496,-2.1972245773362196,-0.0008638398215981991
642,To,9,0.00039315044557050496,-2.1972245773362196,-0.0008638398215981991
864,these,9,0.00039315044557050496,-2.1972245773362196,-0.0008638398215981991
179,cost,9,0.00039315044557050496,-2.1972245773362196,-0.0008638398215981991
1048,quickly,9,0.00039315044557050496,-2.1972245773362196,-0.0008638398215981991
186,adapt,9,0.00039315044557050496,-2.1972245773362196,-0.0008638398215981991
748,better,9,0.00039315044557050496,-2.1972245773362196,-0.0008638398215981991
417,accelerate,9,0.00039315044557050496,-2.1972245773362196,-0.0008638398215981991
255,data,9,0.00039315044557050496,-2.1972245773362196,-0.0008638398215981991
411,also,8,0.00034946706272933774,-2.0794415416798357,-0.0007266963276882179
319,revenue,8,0.00034946706272933774,-2.0794415416798357,-0.0007266963276882179
666,term,8,0.00034946706272933774,-2.0794415416798357,-0.0007266963276882179
384,source,8,0.00034946706272933774,-2.0794415416798357,-0.0007266963276882179
229,from,8,0.00034946706272933774,-2.0794415416798357,-0.0007266963276882179
397,out,8,0.00034946706272933774,-2.0794415416798357,-0.0007266963276882179
589,models,8,0.00034946706272933774,-2.0794415416798357,-0.0007266963276882179
246,sales,8,0.00034946706272933774,-2.0794415416798357,-0.0007266963276882179
28,back,8,0.00034946706272933774,-2.0794415416798357,-0.0007266963276882179
164,experience,8,0.00034946706272933774,-2.0794415416798357,-0.0007266963276882179
623,This,8,0.00034946706272933774,-2.0794415416798357,-0.0007266963276882179
1171,manage,8,0.00034946706272933774,-2.0794415416798357,-0.0007266963276882179
754,app,8,0.00034946706272933774,-2.0794415416798357,-0.0007266963276882179
1062,cross,8,0.00034946706272933774,-2.0794415416798357,-0.0007266963276882179
167,month,8,0.00034946706272933774,-2.0794415416798357,-0.0007266963276882179
901,them,8,0.00034946706272933774,-2.0794415416798357,-0.0007266963276882179
1153,teams,8,0.00034946706272933774,-2.0794415416798357,-0.0007266963276882179
1,product,8,0.00034946706272933774,-2.0794415416798357,-0.0007266963276882179
472,now,8,0.00034946706272933774,-2.0794415416798357,-0.0007266963276882179
23,get,8,0.00034946706272933774,-2.0794415416798357,-0.0007266963276882179
938,set,8,0.00034946706272933774,-2.0794415416798357,-0.0007266963276882179
908,service,8,0.00034946706272933774,-2.0794415416798357,-0.0007266963276882179
843,build,7,0.00030578367988817057,-1.9459101490553135,-0.0005950275661098722
638,car,7,0.00030578367988817057,-1.9459101490553135,-0.0005950275661098722
461,faster,7,0.00030578367988817057,-1.9459101490553135,-0.0005950275661098722
905,ability,7,0.00030578367988817057,-1.9459101490553135,-0.0005950275661098722
985,what,7,0.00030578367988817057,-1.9459101490553135,-0.0005950275661098722
602,operating,7,0.00030578367988817057,-1.9459101490553135,-0.0005950275661098722
650,live,7,0.00030578367988817057,-1.9459101490553135,-0.0005950275661098722
222,For,7,0.00030578367988817057,-1.9459101490553135,-0.0005950275661098722
857,many,7,0.00030578367988817057,-1.9459101490553135,-0.0005950275661098722
1191,change,7,0.00030578367988817057,-1.9459101490553135,-0.0005950275661098722
921,own,7,0.00030578367988817057,-1.9459101490553135,-0.0005950275661098722
786,two,7,0.00030578367988817057,-1.9459101490553135,-0.0005950275661098722
72,role,7,0.00030578367988817057,-1.9459101490553135,-0.0005950275661098722
107,enable,7,0.00030578367988817057,-1.9459101490553135,-0.0005950275661098722
427,partner,7,0.00030578367988817057,-1.9459101490553135,-0.0005950275661098722
767,chains,7,0.00030578367988817057,-1.9459101490553135,-0.0005950275661098722
6,return,7,0.00030578367988817057,-1.9459101490553135,-0.0005950275661098722
306,organizations,7,0.00030578367988817057,-1.9459101490553135,-0.0005950275661098722
95,time,7,0.00030578367988817057,-1.9459101490553135,-0.0005950275661098722
63,who,7,0.00030578367988817057,-1.9459101490553135,-0.0005950275661098722
438,full,7,0.00030578367988817057,-1.9459101490553135,-0.0005950275661098722
120,right,7,0.00030578367988817057,-1.9459101490553135,-0.0005950275661098722
776,deliver,6,0.00026210029704700334,-1.791759469228055,-0.00046962068912145426
1215,matter,6,0.00026210029704700334,-1.791759469228055,-0.00046962068912145426
945,round,6,0.00026210029704700334,-1.791759469228055,-0.00046962068912145426
716,shift,6,0.00026210029704700334,-1.791759469228055,-0.00046962068912145426
949,mean,6,0.00026210029704700334,-1.791759469228055,-0.00046962068912145426
536,much,6,0.00026210029704700334,-1.791759469228055,-0.00046962068912145426
1068,than,6,0.00026210029704700334,-1.791759469228055,-0.00046962068912145426
302,too,6,0.00026210029704700334,-1.791759469228055,-0.00046962068912145426
955,post,6,0.00026210029704700334,-1.791759469228055,-0.00046962068912145426
326,solution,6,0.00026210029704700334,-1.791759469228055,-0.00046962068912145426
770,most,6,0.00026210029704700334,-1.791759469228055,-0.00046962068912145426
878,environment,6,0.00026210029704700334,-1.791759469228055,-0.00046962068912145426
162,supply,6,0.00026210029704700334,-1.791759469228055,-0.00046962068912145426
658,sources,6,0.00026210029704700334,-1.791759469228055,-0.00046962068912145426
375,employee,6,0.00026210029704700334,-1.791759469228055,-0.00046962068912145426
674,real,6,0.00026210029704700334,-1.791759469228055,-0.00046962068912145426
923,grow,6,0.00026210029704700334,-1.791759469228055,-0.00046962068912145426
1005,require,6,0.00026210029704700334,-1.791759469228055,-0.00046962068912145426
1017,creating,6,0.00026210029704700334,-1.791759469228055,-0.00046962068912145426
1195,base,6,0.00026210029704700334,-1.791759469228055,-0.00046962068912145426
808,global,6,0.00026210029704700334,-1.791759469228055,-0.00046962068912145426
1197,advantage,6,0.00026210029704700334,-1.791759469228055,-0.00046962068912145426
266,businesses,6,0.00026210029704700334,-1.791759469228055,-0.00046962068912145426
915,Brazil,6,0.00026210029704700334,-1.791759469228055,-0.00046962068912145426
114,just,6,0.00026210029704700334,-1.791759469228055,-0.00046962068912145426
1039,They,6,0.00026210029704700334,-1.791759469228055,-0.00046962068912145426
379,see,6,0.00026210029704700334,-1.791759469228055,-0.00046962068912145426
501,months,6,0.00026210029704700334,-1.791759469228055,-0.00046962068912145426
146,It,6,0.00026210029704700334,-1.791759469228055,-0.00046962068912145426
61,support,6,0.00026210029704700334,-1.791759469228055,-0.00046962068912145426
868,speed,6,0.00026210029704700334,-1.791759469228055,-0.00046962068912145426
747,norm,6,0.00026210029704700334,-1.791759469228055,-0.00046962068912145426
588,technology,6,0.00026210029704700334,-1.791759469228055,-0.00046962068912145426
896,there,5,0.0002184169142058361,-1.6094379124341003,-0.00035152846243973883
906,sight,5,0.0002184169142058361,-1.6094379124341003,-0.00035152846243973883
628,important,5,0.0002184169142058361,-1.6094379124341003,-0.00035152846243973883
756,during,5,0.0002184169142058361,-1.6094379124341003,-0.00035152846243973883
349,management,5,0.0002184169142058361,-1.6094379124341003,-0.00035152846243973883
215,action,5,0.0002184169142058361,-1.6094379124341003,-0.00035152846243973883
671,McKinsey,5,0.0002184169142058361,-1.6094379124341003,-0.00035152846243973883
700,around,5,0.0002184169142058361,-1.6094379124341003,-0.00035152846243973883
704,long,5,0.0002184169142058361,-1.6094379124341003,-0.00035152846243973883
275,rapid,5,0.0002184169142058361,-1.6094379124341003,-0.00035152846243973883
1184,like,5,0.0002184169142058361,-1.6094379124341003,-0.00035152846243973883
1203,competitive,5,0.0002184169142058361,-1.6094379124341003,-0.00035152846243973883
657,sense,5,0.0002184169142058361,-1.6094379124341003,-0.00035152846243973883
232,leadership,5,0.0002184169142058361,-1.6094379124341003,-0.00035152846243973883
12,recovery,5,0.0002184169142058361,-1.6094379124341003,-0.00035152846243973883
874,play,5,0.0002184169142058361,-1.6094379124341003,-0.00035152846243973883
345,Companies,5,0.0002184169142058361,-1.6094379124341003,-0.00035152846243973883
225,reinvent,5,0.0002184169142058361,-1.6094379124341003,-0.00035152846243973883
741,solutions,5,0.0002184169142058361,-1.6094379124341003,-0.00035152846243973883
777,analytics,5,0.0002184169142058361,-1.6094379124341003,-0.00035152846243973883
775,creation,5,0.0002184169142058361,-1.6094379124341003,-0.00035152846243973883
214,next,5,0.0002184169142058361,-1.6094379124341003,-0.00035152846243973883
77,rethink,5,0.0002184169142058361,-1.6094379124341003,-0.00035152846243973883
199,used,5,0.0002184169142058361,-1.6094379124341003,-0.00035152846243973883
512,success,5,0.0002184169142058361,-1.6094379124341003,-0.00035152846243973883
587,normal,5,0.0002184169142058361,-1.6094379124341003,-0.00035152846243973883
1009,place,5,0.0002184169142058361,-1.6094379124341003,-0.00035152846243973883
140,percent,5,0.0002184169142058361,-1.6094379124341003,-0.00035152846243973883
423,employees,5,0.0002184169142058361,-1.6094379124341003,-0.00035152846243973883
601,spend,5,0.0002184169142058361,-1.6094379124341003,-0.00035152846243973883
455,roles,5,0.0002184169142058361,-1.6094379124341003,-0.00035152846243973883
1114,into,5,0.0002184169142058361,-1.6094379124341003,-0.00035152846243973883
577,accelerated,5,0.0002184169142058361,-1.6094379124341003,-0.00035152846243973883
523,three,5,0.0002184169142058361,-1.6094379124341003,-0.00035152846243973883
593,CEO,5,0.0002184169142058361,-1.6094379124341003,-0.00035152846243973883
947,consumer,5,0.0002184169142058361,-1.6094379124341003,-0.00035152846243973883
558,challenge,5,0.0002184169142058361,-1.6094379124341003,-0.00035152846243973883
1043,where,5,0.0002184169142058361,-1.6094379124341003,-0.00035152846243973883
1098,call,5,0.0002184169142058361,-1.6094379124341003,-0.00035152846243973883
1145,only,5,0.0002184169142058361,-1.6094379124341003,-0.00035152846243973883
1141,remote,5,0.0002184169142058361,-1.6094379124341003,-0.00035152846243973883
1213,must,4,0.00017473353136466887,-1.3862943611198906,-0.00024223210922940598
553,world,4,0.00017473353136466887,-1.3862943611198906,-0.00024223210922940598
819,patterns,4,0.00017473353136466887,-1.3862943611198906,-0.00024223210922940598
551,skills,4,0.00017473353136466887,-1.3862943611198906,-0.00024223210922940598
19,How,4,0.00017473353136466887,-1.3862943611198906,-0.00024223210922940598
64,possible,4,0.00017473353136466887,-1.3862943611198906,-0.00024223210922940598
310,essential,4,0.00017473353136466887,-1.3862943611198906,-0.00024223210922940598
764,services,4,0.00017473353136466887,-1.3862943611198906,-0.00024223210922940598
20,days,4,0.00017473353136466887,-1.3862943611198906,-0.00024223210922940598
825,off,4,0.00017473353136466887,-1.3862943611198906,-0.00024223210922940598
758,was,4,0.00017473353136466887,-1.3862943611198906,-0.00024223210922940598
692,focus,4,0.00017473353136466887,-1.3862943611198906,-0.00024223210922940598
832,productivity,4,0.00017473353136466887,-1.3862943611198906,-0.00024223210922940598
757,bring,4,0.00017473353136466887,-1.3862943611198906,-0.00024223210922940598
835,capital,4,0.00017473353136466887,-1.3862943611198906,-0.00024223210922940598
1003,fund,4,0.00017473353136466887,-1.3862943611198906,-0.00024223210922940598
415,early,4,0.00017473353136466887,-1.3862943611198906,-0.00024223210922940598
705,effective,4,0.00017473353136466887,-1.3862943611198906,-0.00024223210922940598
1034,growth,4,0.00017473353136466887,-1.3862943611198906,-0.00024223210922940598
816,both,4,0.00017473353136466887,-1.3862943611198906,-0.00024223210922940598
307,sustain,4,0.00017473353136466887,-1.3862943611198906,-0.00024223210922940598
559,going,4,0.00017473353136466887,-1.3862943611198906,-0.00024223210922940598
71,process,4,0.00017473353136466887,-1.3862943611198906,-0.00024223210922940598
1057,insight,4,0.00017473353136466887,-1.3862943611198906,-0.00024223210922940598
569,previous,4,0.00017473353136466887,-1.3862943611198906,-0.00024223210922940598
1055,come,4,0.00017473353136466887,-1.3862943611198906,-0.00024223210922940598
1073,expect,4,0.00017473353136466887,-1.3862943611198906,-0.00024223210922940598
1113,across,4,0.00017473353136466887,-1.3862943611198906,-0.00024223210922940598
328,challenges,4,0.00017473353136466887,-1.3862943611198906,-0.00024223210922940598
1045,critical,4,0.00017473353136466887,-1.3862943611198906,-0.00024223210922940598
794,resilience,4,0.00017473353136466887,-1.3862943611198906,-0.00024223210922940598
485,coronavirus,4,0.00017473353136466887,-1.3862943611198906,-0.00024223210922940598
10,plan,4,0.00017473353136466887,-1.3862943611198906,-0.00024223210922940598
334,force,4,0.00017473353136466887,-1.3862943611198906,-0.00024223210922940598
433,based,4,0.00017473353136466887,-1.3862943611198906,-0.00024223210922940598
805,other,4,0.00017473353136466887,-1.3862943611198906,-0.00024223210922940598
711,We,4,0.00017473353136466887,-1.3862943611198906,-0.00024223210922940598
1041,safety,4,0.00017473353136466887,-1.3862943611198906,-0.00024223210922940598
304,changed,4,0.00017473353136466887,-1.3862943611198906,-0.00024223210922940598
1119,order,4,0.00017473353136466887,-1.3862943611198906,-0.00024223210922940598
684,opportunities,4,0.00017473353136466887,-1.3862943611198906,-0.00024223210922940598
168,costs,4,0.00017473353136466887,-1.3862943611198906,-0.00024223210922940598
876,move,4,0.00017473353136466887,-1.3862943611198906,-0.00024223210922940598
157,deal,4,0.00017473353136466887,-1.3862943611198906,-0.00024223210922940598
956,There,4,0.00017473353136466887,-1.3862943611198906,-0.00024223210922940598
1176,consider,4,0.00017473353136466887,-1.3862943611198906,-0.00024223210922940598
221,but,4,0.00017473353136466887,-1.3862943611198906,-0.00024223210922940598
887,channels,4,0.00017473353136466887,-1.3862943611198906,-0.00024223210922940598
618,auto,4,0.00017473353136466887,-1.3862943611198906,-0.00024223210922940598
948,development,4,0.00017473353136466887,-1.3862943611198906,-0.00024223210922940598
946,fully,4,0.00017473353136466887,-1.3862943611198906,-0.00024223210922940598
894,such,4,0.00017473353136466887,-1.3862943611198906,-0.00024223210922940598
1162,win,4,0.00017473353136466887,-1.3862943611198906,-0.00024223210922940598
208,sector,4,0.00017473353136466887,-1.3862943611198906,-0.00024223210922940598
1147,before,4,0.00017473353136466887,-1.3862943611198906,-0.00024223210922940598
929,had,4,0.00017473353136466887,-1.3862943611198906,-0.00024223210922940598
546,less,4,0.00017473353136466887,-1.3862943611198906,-0.00024223210922940598
197,every,4,0.00017473353136466887,-1.3862943611198906,-0.00024223210922940598
1148,differ,4,0.00017473353136466887,-1.3862943611198906,-0.00024223210922940598
966,talent,4,0.00017473353136466887,-1.3862943611198906,-0.00024223210922940598
1124,likely,4,0.00017473353136466887,-1.3862943611198906,-0.00024223210922940598
856,great,4,0.00017473353136466887,-1.3862943611198906,-0.00024223210922940598
669,reflect,4,0.00017473353136466887,-1.3862943611198906,-0.00024223210922940598
1187,strong,4,0.00017473353136466887,-1.3862943611198906,-0.00024223210922940598
993,agile,4,0.00017473353136466887,-1.3862943611198906,-0.00024223210922940598
24,built,4,0.00017473353136466887,-1.3862943611198906,-0.00024223210922940598
137,year,4,0.00017473353136466887,-1.3862943611198906,-0.00024223210922940598
457,successful,4,0.00017473353136466887,-1.3862943611198906,-0.00024223210922940598
500,partners,4,0.00017473353136466887,-1.3862943611198906,-0.00024223210922940598
139,low,4,0.00017473353136466887,-1.3862943611198906,-0.00024223210922940598
356,were,4,0.00017473353136466887,-1.3862943611198906,-0.00024223210922940598
406,decisions,4,0.00017473353136466887,-1.3862943611198906,-0.00024223210922940598
662,down,4,0.00017473353136466887,-1.3862943611198906,-0.00024223210922940598
234,building,4,0.00017473353136466887,-1.3862943611198906,-0.00024223210922940598
403,flexible,4,0.00017473353136466887,-1.3862943611198906,-0.00024223210922940598
980,adoption,4,0.00017473353136466887,-1.3862943611198906,-0.00024223210922940598
622,approach,3,0.00013105014852350167,-1.0986122886681098,-0.0001439733035996999
540,ways,3,0.00013105014852350167,-1.0986122886681098,-0.0001439733035996999
521,themselves,3,0.00013105014852350167,-1.0986122886681098,-0.0001439733035996999
517,adapted,3,0.00013105014852350167,-1.0986122886681098,-0.0001439733035996999
399,structure,3,0.00013105014852350167,-1.0986122886681098,-0.0001439733035996999
471,required,3,0.00013105014852350167,-1.0986122886681098,-0.0001439733035996999
635,systems,3,0.00013105014852350167,-1.0986122886681098,-0.0001439733035996999
631,encourage,3,0.00013105014852350167,-1.0986122886681098,-0.0001439733035996999
548,changing,3,0.00013105014852350167,-1.0986122886681098,-0.0001439733035996999
629,position,3,0.00013105014852350167,-1.0986122886681098,-0.0001439733035996999
543,enduring,3,0.00013105014852350167,-1.0986122886681098,-0.0001439733035996999
541,agility,3,0.00013105014852350167,-1.0986122886681098,-0.0001439733035996999
376,experiences,3,0.00013105014852350167,-1.0986122886681098,-0.0001439733035996999
566,create,3,0.00013105014852350167,-1.0986122886681098,-0.0001439733035996999
436,Reimagining,3,0.00013105014852350167,-1.0986122886681098,-0.0001439733035996999
505,dual,3,0.00013105014852350167,-1.0986122886681098,-0.0001439733035996999
483,match,3,0.00013105014852350167,-1.0986122886681098,-0.0001439733035996999
431,enabled,3,0.00013105014852350167,-1.0986122886681098,-0.0001439733035996999
522,strategic,3,0.00013105014852350167,-1.0986122886681098,-0.0001439733035996999
599,including,3,0.00013105014852350167,-1.0986122886681098,-0.0001439733035996999
507,processes,3,0.00013105014852350167,-1.0986122886681098,-0.0001439733035996999
413,learned,3,0.00013105014852350167,-1.0986122886681098,-0.0001439733035996999
595,best,3,0.00013105014852350167,-1.0986122886681098,-0.0001439733035996999
373,driven,3,0.00013105014852350167,-1.0986122886681098,-0.0001439733035996999
581,ecosystem,3,0.00013105014852350167,-1.0986122886681098,-0.0001439733035996999
739,tell,3,0.00013105014852350167,-1.0986122886681098,-0.0001439733035996999
584,flexibility,3,0.00013105014852350167,-1.0986122886681098,-0.0001439733035996999
324,few,3,0.00013105014852350167,-1.0986122886681098,-0.0001439733035996999
453,invest,3,0.00013105014852350167,-1.0986122886681098,-0.0001439733035996999
392,technologies,3,0.00013105014852350167,-1.0986122886681098,-0.0001439733035996999
561,good,3,0.00013105014852350167,-1.0986122886681098,-0.0001439733035996999
354,launch,3,0.00013105014852350167,-1.0986122886681098,-0.0001439733035996999
0,progress,3,0.00013105014852350167,-1.0986122886681098,-0.0001439733035996999
309,effort,3,0.00013105014852350167,-1.0986122886681098,-0.0001439733035996999
317,hit,3,0.00013105014852350167,-1.0986122886681098,-0.0001439733035996999
974,wide,3,0.00013105014852350167,-1.0986122886681098,-0.0001439733035996999
972,means,3,0.00013105014852350167,-1.0986122886681098,-0.0001439733035996999
970,placed,3,0.00013105014852350167,-1.0986122886681098,-0.0001439733035996999
965,retail,3,0.00013105014852350167,-1.0986122886681098,-0.0001439733035996999
165,perform,3,0.00013105014852350167,-1.0986122886681098,-0.0001439733035996999
950,scale,3,0.00013105014852350167,-1.0986122886681098,-0.0001439733035996999
174,again,3,0.00013105014852350167,-1.0986122886681098,-0.0001439733035996999
989,resources,3,0.00013105014852350167,-1.0986122886681098,-0.0001439733035996999
177,future,3,0.00013105014852350167,-1.0986122886681098,-0.0001439733035996999
941,Rapid,3,0.00013105014852350167,-1.0986122886681098,-0.0001439733035996999
183,matters,3,0.00013105014852350167,-1.0986122886681098,-0.0001439733035996999
930,relate,3,0.00013105014852350167,-1.0986122886681098,-0.0001439733035996999
187,weeks,3,0.00013105014852350167,-1.0986122886681098,-0.0001439733035996999
922,fundamental,3,0.00013105014852350167,-1.0986122886681098,-0.0001439733035996999
916,establishing,3,0.00013105014852350167,-1.0986122886681098,-0.0001439733035996999
198,found,3,0.00013105014852350167,-1.0986122886681098,-0.0001439733035996999
889,As,3,0.00013105014852350167,-1.0986122886681098,-0.0001439733035996999
942,campaign,3,0.00013105014852350167,-1.0986122886681098,-0.0001439733035996999
1000,clear,3,0.00013105014852350167,-1.0986122886681098,-0.0001439733035996999
1001,tools,3,0.00013105014852350167,-1.0986122886681098,-0.0001439733035996999
1002,old,3,0.00013105014852350167,-1.0986122886681098,-0.0001439733035996999
9,make,3,0.00013105014852350167,-1.0986122886681098,-0.0001439733035996999
1209,ones,3,0.00013105014852350167,-1.0986122886681098,-0.0001439733035996999
29,however,3,0.00013105014852350167,-1.0986122886681098,-0.0001439733035996999
1183,marked,3,0.00013105014852350167,-1.0986122886681098,-0.0001439733035996999
1165,IT,3,0.00013105014852350167,-1.0986122886681098,-0.0001439733035996999
42,between,3,0.00013105014852350167,-1.0986122886681098,-0.0001439733035996999
1125,delivery,3,0.00013105014852350167,-1.0986122886681098,-0.0001439733035996999
1122,increased,3,0.00013105014852350167,-1.0986122886681098,-0.0001439733035996999
70,include,3,0.00013105014852350167,-1.0986122886681098,-0.0001439733035996999
1095,functional,3,0.00013105014852350167,-1.0986122886681098,-0.0001439733035996999
1087,During,3,0.00013105014852350167,-1.0986122886681098,-0.0001439733035996999
1079,platform,3,0.00013105014852350167,-1.0986122886681098,-0.0001439733035996999
94,navigate,3,0.00013105014852350167,-1.0986122886681098,-0.0001439733035996999
96,country,3,0.00013105014852350167,-1.0986122886681098,-0.0001439733035996999
100,significant,3,0.00013105014852350167,-1.0986122886681098,-0.0001439733035996999
109,shifts,3,0.00013105014852350167,-1.0986122886681098,-0.0001439733035996999
1042,train,3,0.00013105014852350167,-1.0986122886681098,-0.0001439733035996999
1024,step,3,0.00013105014852350167,-1.0986122886681098,-0.0001439733035996999
1012,those,3,0.00013105014852350167,-1.0986122886681098,-0.0001439733035996999
888,sourcing,3,0.00013105014852350167,-1.0986122886681098,-0.0001439733035996999
233,Many,3,0.00013105014852350167,-1.0986122886681098,-0.0001439733035996999
489,star,3,0.00013105014852350167,-1.0986122886681098,-0.0001439733035996999
288,been,3,0.00013105014852350167,-1.0986122886681098,-0.0001439733035996999
250,network,3,0.00013105014852350167,-1.0986122886681098,-0.0001439733035996999
818,forms,3,0.00013105014852350167,-1.0986122886681098,-0.0001439733035996999
272,imagination,3,0.00013105014852350167,-1.0986122886681098,-0.0001439733035996999
838,prioritize,3,0.00013105014852350167,-1.0986122886681098,-0.0001439733035996999
837,using,3,0.00013105014852350167,-1.0986122886681098,-0.0001439733035996999
277,nimble,3,0.00013105014852350167,-1.0986122886681098,-0.0001439733035996999
297,first,3,0.00013105014852350167,-1.0986122886681098,-0.0001439733035996999
862,But,3,0.00013105014852350167,-1.0986122886681098,-0.0001439733035996999
834,successfully,3,0.00013105014852350167,-1.0986122886681098,-0.0001439733035996999
265,ready,3,0.00013105014852350167,-1.0986122886681098,-0.0001439733035996999
1101,field,2,8.736676568233443e-05,-0.6931471805599453,-6.0558027307351494e-05
795,five,2,8.736676568233443e-05,-0.6931471805599453,-6.0558027307351494e-05
1084,performance,2,8.736676568233443e-05,-0.6931471805599453,-6.0558027307351494e-05
1106,agenda,2,8.736676568233443e-05,-0.6931471805599453,-6.0558027307351494e-05
545,comes,2,8.736676568233443e-05,-0.6931471805599453,-6.0558027307351494e-05
791,networks,2,8.736676568233443e-05,-0.6931471805599453,-6.0558027307351494e-05
1093,personal,2,8.736676568233443e-05,-0.6931471805599453,-6.0558027307351494e-05
1115,daily,2,8.736676568233443e-05,-0.6931471805599453,-6.0558027307351494e-05
731,approaches,2,8.736676568233443e-05,-0.6931471805599453,-6.0558027307351494e-05
867,Pelé,2,8.736676568233443e-05,-0.6931471805599453,-6.0558027307351494e-05
1118,cloud,2,8.736676568233443e-05,-0.6931471805599453,-6.0558027307351494e-05
1076,continue,2,8.736676568233443e-05,-0.6931471805599453,-6.0558027307351494e-05
555,rental,2,8.736676568233443e-05,-0.6931471805599453,-6.0558027307351494e-05
556,done,2,8.736676568233443e-05,-0.6931471805599453,-6.0558027307351494e-05
1066,revenues,2,8.736676568233443e-05,-0.6931471805599453,-6.0558027307351494e-05
1065,cadence,2,8.736676568233443e-05,-0.6931471805599453,-6.0558027307351494e-05
1064,moved,2,8.736676568233443e-05,-0.6931471805599453,-6.0558027307351494e-05
723,efforts,2,8.736676568233443e-05,-0.6931471805599453,-6.0558027307351494e-05
801,financial,2,8.736676568233443e-05,-0.6931471805599453,-6.0558027307351494e-05
718,Four,2,8.736676568233443e-05,-0.6931471805599453,-6.0558027307351494e-05
1056,character,2,8.736676568233443e-05,-0.6931471805599453,-6.0558027307351494e-05
802,analysis,2,8.736676568233443e-05,-0.6931471805599453,-6.0558027307351494e-05
797,while,2,8.736676568233443e-05,-0.6931471805599453,-6.0558027307351494e-05
1078,commit,2,8.736676568233443e-05,-0.6931471805599453,-6.0558027307351494e-05
533,urgency,2,8.736676568233443e-05,-0.6931471805599453,-6.0558027307351494e-05
785,organizational,2,8.736676568233443e-05,-0.6931471805599453,-6.0558027307351494e-05
494,competition,2,8.736676568233443e-05,-0.6931471805599453,-6.0558027307351494e-05
766,further,2,8.736676568233443e-05,-0.6931471805599453,-6.0558027307351494e-05
495,ago,2,8.736676568233443e-05,-0.6931471805599453,-6.0558027307351494e-05
496,communication,2,8.736676568233443e-05,-0.6931471805599453,-6.0558027307351494e-05
497,survive,2,8.736676568233443e-05,-0.6931471805599453,-6.0558027307351494e-05
498,sets,2,8.736676568233443e-05,-0.6931471805599453,-6.0558027307351494e-05
1196,Maintaining,2,8.736676568233443e-05,-0.6931471805599453,-6.0558027307351494e-05
1189,Exhibit,2,8.736676568233443e-05,-0.6931471805599453,-6.0558027307351494e-05
746,which,2,8.736676568233443e-05,-0.6931471805599453,-6.0558027307351494e-05
780,emergency,2,8.736676568233443e-05,-0.6931471805599453,-6.0558027307351494e-05
1182,take,2,8.736676568233443e-05,-0.6931471805599453,-6.0558027307351494e-05
1177,office,2,8.736676568233443e-05,-0.6931471805599453,-6.0558027307351494e-05
781,different,2,8.736676568233443e-05,-0.6931471805599453,-6.0558027307351494e-05
1161,current,2,8.736676568233443e-05,-0.6931471805599453,-6.0558027307351494e-05
783,retailer,2,8.736676568233443e-05,-0.6931471805599453,-6.0558027307351494e-05
1159,emphasis,2,8.736676568233443e-05,-0.6931471805599453,-6.0558027307351494e-05
1149,traditional,2,8.736676568233443e-05,-0.6931471805599453,-6.0558027307351494e-05
513,solve,2,8.736676568233443e-05,-0.6931471805599453,-6.0558027307351494e-05
1140,called,2,8.736676568233443e-05,-0.6931471805599453,-6.0558027307351494e-05
518,Now,2,8.736676568233443e-05,-0.6931471805599453,-6.0558027307351494e-05
1134,remarked,2,8.736676568233443e-05,-0.6931471805599453,-6.0558027307351494e-05
1133,signals,2,8.736676568233443e-05,-0.6931471805599453,-6.0558027307351494e-05
1132,bringing,2,8.736676568233443e-05,-0.6931471805599453,-6.0558027307351494e-05
529,imagine,2,8.736676568233443e-05,-0.6931471805599453,-6.0558027307351494e-05
1129,tasks,2,8.736676568233443e-05,-0.6931471805599453,-6.0558027307351494e-05
531,strengthen,2,8.736676568233443e-05,-0.6931471805599453,-6.0558027307351494e-05
570,greater,2,8.736676568233443e-05,-0.6931471805599453,-6.0558027307351494e-05
1120,level,2,8.736676568233443e-05,-0.6931471805599453,-6.0558027307351494e-05
803,seek,2,8.736676568233443e-05,-0.6931471805599453,-6.0558027307351494e-05
576,One,2,8.736676568233443e-05,-0.6931471805599453,-6.0558027307351494e-05
573,game,2,8.736676568233443e-05,-0.6931471805599453,-6.0558027307351494e-05
836,small,2,8.736676568233443e-05,-0.6931471805599453,-6.0558027307351494e-05
680,campaigns,2,8.736676568233443e-05,-0.6931471805599453,-6.0558027307351494e-05
842,soccer,2,8.736676568233443e-05,-0.6931471805599453,-6.0558027307351494e-05
670,city,2,8.736676568233443e-05,-0.6931471805599453,-6.0558027307351494e-05
845,innovation,2,8.736676568233443e-05,-0.6931471805599453,-6.0558027307351494e-05
926,culture,2,8.736676568233443e-05,-0.6931471805599453,-6.0558027307351494e-05
668,reimagination,2,8.736676568233443e-05,-0.6931471805599453,-6.0558027307351494e-05
917,decline,2,8.736676568233443e-05,-0.6931471805599453,-6.0558027307351494e-05
667,cases,2,8.736676568233443e-05,-0.6931471805599453,-6.0558027307351494e-05
630,Successful,2,8.736676568233443e-05,-0.6931471805599453,-6.0558027307351494e-05
849,four,2,8.736676568233443e-05,-0.6931471805599453,-6.0558027307351494e-05
914,qualities,2,8.736676568233443e-05,-0.6931471805599453,-6.0558027307351494e-05
912,developed,2,8.736676568233443e-05,-0.6931471805599453,-6.0558027307351494e-05
909,operate,2,8.736676568233443e-05,-0.6931471805599453,-6.0558027307351494e-05
900,shared,2,8.736676568233443e-05,-0.6931471805599453,-6.0558027307351494e-05
890,transparency,2,8.736676568233443e-05,-0.6931471805599453,-6.0558027307351494e-05
853,said,2,8.736676568233443e-05,-0.6931471805599453,-6.0558027307351494e-05
664,people,2,8.736676568233443e-05,-0.6931471805599453,-6.0558027307351494e-05
644,external,2,8.736676568233443e-05,-0.6931471805599453,-6.0558027307351494e-05
886,player,2,8.736676568233443e-05,-0.6931471805599453,-6.0558027307351494e-05
880,happen,2,8.736676568233443e-05,-0.6931471805599453,-6.0558027307351494e-05
873,unique,2,8.736676568233443e-05,-0.6931471805599453,-6.0558027307351494e-05
653,contract,2,8.736676568233443e-05,-0.6931471805599453,-6.0558027307351494e-05
492,decide,2,8.736676568233443e-05,-0.6931471805599453,-6.0558027307351494e-05
870,put,2,8.736676568233443e-05,-0.6931471805599453,-6.0558027307351494e-05
952,worked,2,8.736676568233443e-05,-0.6931471805599453,-6.0558027307351494e-05
572,internal,2,8.736676568233443e-05,-0.6931471805599453,-6.0558027307351494e-05
958,insights,2,8.736676568233443e-05,-0.6931471805599453,-6.0558027307351494e-05
614,lose,2,8.736676568233443e-05,-0.6931471805599453,-6.0558027307351494e-05
574,These,2,8.736676568233443e-05,-0.6931471805599453,-6.0558027307351494e-05
1040,developing,2,8.736676568233443e-05,-0.6931471805599453,-6.0558027307351494e-05
1035,suite,2,8.736676568233443e-05,-0.6931471805599453,-6.0558027307351494e-05
1026,weekly,2,8.736676568233443e-05,-0.6931471805599453,-6.0558027307351494e-05
812,involve,2,8.736676568233443e-05,-0.6931471805599453,-6.0558027307351494e-05
1015,Sneader,2,8.736676568233443e-05,-0.6931471805599453,-6.0558027307351494e-05
586,focused,2,8.736676568233443e-05,-0.6931471805599453,-6.0558027307351494e-05
1007,start,2,8.736676568233443e-05,-0.6931471805599453,-6.0558027307351494e-05
1004,rise,2,8.736676568233443e-05,-0.6931471805599453,-6.0558027307351494e-05
824,regionalization,2,8.736676568233443e-05,-0.6931471805599453,-6.0558027307351494e-05
998,could,2,8.736676568233443e-05,-0.6931471805599453,-6.0558027307351494e-05
997,reallocating,2,8.736676568233443e-05,-0.6931471805599453,-6.0558027307351494e-05
996,enough,2,8.736676568233443e-05,-0.6931471805599453,-6.0558027307351494e-05
594,fundamentally,2,8.736676568233443e-05,-0.6931471805599453,-6.0558027307351494e-05
987,Brazilian,2,8.736676568233443e-05,-0.6931471805599453,-6.0558027307351494e-05
986,sell,2,8.736676568233443e-05,-0.6931471805599453,-6.0558027307351494e-05
983,asset,2,8.736676568233443e-05,-0.6931471805599453,-6.0558027307351494e-05
977,complete,2,8.736676568233443e-05,-0.6931471805599453,-6.0558027307351494e-05
976,experiment,2,8.736676568233443e-05,-0.6931471805599453,-6.0558027307351494e-05
694,style,2,8.736676568233443e-05,-0.6931471805599453,-6.0558027307351494e-05
827,mining,2,8.736676568233443e-05,-0.6931471805599453,-6.0558027307351494e-05
610,platforms,2,8.736676568233443e-05,-0.6931471805599453,-6.0558027307351494e-05
611,matching,2,8.736676568233443e-05,-0.6931471805599453,-6.0558027307351494e-05
830,Kevin,2,8.736676568233443e-05,-0.6931471805599453,-6.0558027307351494e-05
690,mass,2,8.736676568233443e-05,-0.6931471805599453,-6.0558027307351494e-05
833,care,2,8.736676568233443e-05,-0.6931471805599453,-6.0558027307351494e-05
603,Accelerate,2,8.736676568233443e-05,-0.6931471805599453,-6.0558027307351494e-05
608,improve,2,8.736676568233443e-05,-0.6931471805599453,-6.0558027307351494e-05
226,emerging,2,8.736676568233443e-05,-0.6931471805599453,-6.0558027307351494e-05
292,result,2,8.736676568233443e-05,-0.6931471805599453,-6.0558027307351494e-05
159,steps,2,8.736676568233443e-05,-0.6931471805599453,-6.0558027307351494e-05
67,related,2,8.736676568233443e-05,-0.6931471805599453,-6.0558027307351494e-05
65,same,2,8.736676568233443e-05,-0.6931471805599453,-6.0558027307351494e-05
62,variable,2,8.736676568233443e-05,-0.6931471805599453,-6.0558027307351494e-05
405,health,2,8.736676568233443e-05,-0.6931471805599453,-6.0558027307351494e-05
407,learning,2,8.736676568233443e-05,-0.6931471805599453,-6.0558027307351494e-05
58,you,2,8.736676568233443e-05,-0.6931471805599453,-6.0558027307351494e-05
118,test,2,8.736676568233443e-05,-0.6931471805599453,-6.0558027307351494e-05
409,hurry,2,8.736676568233443e-05,-0.6931471805599453,-6.0558027307351494e-05
410,connectivity,2,8.736676568233443e-05,-0.6931471805599453,-6.0558027307351494e-05
172,risk,2,8.736676568233443e-05,-0.6931471805599453,-6.0558027307351494e-05
285,about,2,8.736676568233443e-05,-0.6931471805599453,-6.0558027307351494e-05
284,never,2,8.736676568233443e-05,-0.6931471805599453,-6.0558027307351494e-05
420,airline,2,8.736676568233443e-05,-0.6931471805599453,-6.0558027307351494e-05
51,each,2,8.736676568233443e-05,-0.6931471805599453,-6.0558027307351494e-05
282,targeted,2,8.736676568233443e-05,-0.6931471805599453,-6.0558027307351494e-05
50,ahead,2,8.736676568233443e-05,-0.6931471805599453,-6.0558027307351494e-05
49,won,2,8.736676568233443e-05,-0.6931471805599453,-6.0558027307351494e-05
181,life,2,8.736676568233443e-05,-0.6931471805599453,-6.0558027307351494e-05
279,significantly,2,8.736676568233443e-05,-0.6931471805599453,-6.0558027307351494e-05
429,reinventing,2,8.736676568233443e-05,-0.6931471805599453,-6.0558027307351494e-05
432,near,2,8.736676568233443e-05,-0.6931471805599453,-6.0558027307351494e-05
278,made,2,8.736676568233443e-05,-0.6931471805599453,-6.0558027307351494e-05
276,Cup,2,8.736676568233443e-05,-0.6931471805599453,-6.0558027307351494e-05
435,expectations,2,8.736676568233443e-05,-0.6931471805599453,-6.0558027307351494e-05
44,digitizing,2,8.736676568233443e-05,-0.6931471805599453,-6.0558027307351494e-05
393,may,2,8.736676568233443e-05,-0.6931471805599453,-6.0558027307351494e-05
299,Rapidly,2,8.736676568233443e-05,-0.6931471805599453,-6.0558027307351494e-05
155,corporate,2,8.736676568233443e-05,-0.6931471805599453,-6.0558027307351494e-05
154,tournament,2,8.736676568233443e-05,-0.6931471805599453,-6.0558027307351494e-05
122,radical,2,8.736676568233443e-05,-0.6931471805599453,-6.0558027307351494e-05
117,social,2,8.736676568233443e-05,-0.6931471805599453,-6.0558027307351494e-05
339,adaptability,2,8.736676568233443e-05,-0.6931471805599453,-6.0558027307351494e-05
337,journey,2,8.736676568233443e-05,-0.6931471805599453,-6.0558027307351494e-05
123,article,2,8.736676568233443e-05,-0.6931471805599453,-6.0558027307351494e-05
113,accelerating,2,8.736676568233443e-05,-0.6931471805599453,-6.0558027307351494e-05
112,reimagining,2,8.736676568233443e-05,-0.6931471805599453,-6.0558027307351494e-05
335,Creating,2,8.736676568233443e-05,-0.6931471805599453,-6.0558027307351494e-05
104,leading,2,8.736676568233443e-05,-0.6931471805599453,-6.0558027307351494e-05
130,willing,2,8.736676568233443e-05,-0.6931471805599453,-6.0558027307351494e-05
131,everything,2,8.736676568233443e-05,-0.6931471805599453,-6.0558027307351494e-05
355,ecting,2,8.736676568233443e-05,-0.6931471805599453,-6.0558027307351494e-05
330,increasing,2,8.736676568233443e-05,-0.6931471805599453,-6.0558027307351494e-05
270,Sternfels,2,8.736676568233443e-05,-0.6931471805599453,-6.0558027307351494e-05
359,addition,2,8.736676568233443e-05,-0.6931471805599453,-6.0558027307351494e-05
323,dreamed,2,8.736676568233443e-05,-0.6931471805599453,-6.0558027307351494e-05
87,far,2,8.736676568233443e-05,-0.6931471805599453,-6.0558027307351494e-05
144,jump,2,8.736676568233443e-05,-0.6931471805599453,-6.0558027307351494e-05
85,automation,2,8.736676568233443e-05,-0.6931471805599453,-6.0558027307351494e-05
318,keep,2,8.736676568233443e-05,-0.6931471805599453,-6.0558027307351494e-05
314,enhancing,2,8.736676568233443e-05,-0.6931471805599453,-6.0558027307351494e-05
313,stronger,2,8.736676568233443e-05,-0.6931471805599453,-6.0558027307351494e-05
81,point,2,8.736676568233443e-05,-0.6931471805599453,-6.0558027307351494e-05
151,Bob,2,8.736676568233443e-05,-0.6931471805599453,-6.0558027307351494e-05
78,common,2,8.736676568233443e-05,-0.6931471805599453,-6.0558027307351494e-05
308,minute,2,8.736676568233443e-05,-0.6931471805599453,-6.0558027307351494e-05
305,getting,2,8.736676568233443e-05,-0.6931471805599453,-6.0558027307351494e-05
382,SHAPE,2,8.736676568233443e-05,-0.6931471805599453,-6.0558027307351494e-05
360,understand,2,8.736676568233443e-05,-0.6931471805599453,-6.0558027307351494e-05
188,supplier,2,8.736676568233443e-05,-0.6931471805599453,-6.0558027307351494e-05
170,partnerships,2,8.736676568233443e-05,-0.6931471805599453,-6.0558027307351494e-05
218,free,2,8.736676568233443e-05,-0.6931471805599453,-6.0558027307351494e-05
450,training,2,8.736676568233443e-05,-0.6931471805599453,-6.0558027307351494e-05
13,collaboration,2,8.736676568233443e-05,-0.6931471805599453,-6.0558027307351494e-05
235,against,2,8.736676568233443e-05,-0.6931471805599453,-6.0558027307351494e-05
219,changes,2,8.736676568233443e-05,-0.6931471805599453,-6.0558027307351494e-05
252,World,2,8.736676568233443e-05,-0.6931471805599453,-6.0558027307351494e-05
249,reviews,2,8.736676568233443e-05,-0.6931471805599453,-6.0558027307351494e-05
460,core,2,8.736676568233443e-05,-0.6931471805599453,-6.0558027307351494e-05
260,requires,2,8.736676568233443e-05,-0.6931471805599453,-6.0558027307351494e-05
216,defining,2,8.736676568233443e-05,-0.6931471805599453,-6.0558027307351494e-05
31,spending,2,8.736676568233443e-05,-0.6931471805599453,-6.0558027307351494e-05
206,proved,2,8.736676568233443e-05,-0.6931471805599453,-6.0558027307351494e-05
464,When,2,8.736676568233443e-05,-0.6931471805599453,-6.0558027307351494e-05
470,With,2,8.736676568233443e-05,-0.6931471805599453,-6.0558027307351494e-05
263,workforce,2,8.736676568233443e-05,-0.6931471805599453,-6.0558027307351494e-05
466,research,2,8.736676568233443e-05,-0.6931471805599453,-6.0558027307351494e-05
210,And,2,8.736676568233443e-05,-0.6931471805599453,-6.0558027307351494e-05
462,twice,2,8.736676568233443e-05,-0.6931471805599453,-6.0558027307351494e-05
480,possibility,2,8.736676568233443e-05,-0.6931471805599453,-6.0558027307351494e-05
243,check,2,8.736676568233443e-05,-0.6931471805599453,-6.0558027307351494e-05
449,after,2,8.736676568233443e-05,-0.6931471805599453,-6.0558027307351494e-05
481,institutional,2,8.736676568233443e-05,-0.6931471805599453,-6.0558027307351494e-05
444,acted,2,8.736676568233443e-05,-0.6931471805599453,-6.0558027307351494e-05
262,What,2,8.736676568233443e-05,-0.6931471805599453,-6.0558027307351494e-05
228,already,2,8.736676568233443e-05,-0.6931471805599453,-6.0558027307351494e-05
991,toughest,1,4.368338284116722e-05,0.0,0.0
990,fluid,1,4.368338284116722e-05,0.0,0.0
224,Strategy,1,4.368338284116722e-05,0.0,0.0
141,reassure,1,4.368338284116722e-05,0.0,0.0
988,local,1,4.368338284116722e-05,0.0,0.0
213,regarded,1,4.368338284116722e-05,0.0,0.0
142,would,1,4.368338284116722e-05,0.0,0.0
891,revamped,1,4.368338284116722e-05,0.0,0.0
143,prevalent,1,4.368338284116722e-05,0.0,0.0
892,manual,1,4.368338284116722e-05,0.0,0.0
893,reinvention,1,4.368338284116722e-05,0.0,0.0
145,modeling,1,4.368338284116722e-05,0.0,0.0
992,last,1,4.368338284116722e-05,0.0,0.0
982,Making,1,4.368338284116722e-05,0.0,0.0
212,direct,1,4.368338284116722e-05,0.0,0.0
981,travel,1,4.368338284116722e-05,0.0,0.0
148,enabling,1,4.368338284116722e-05,0.0,0.0
979,scalability,1,4.368338284116722e-05,0.0,0.0
211,mutually,1,4.368338284116722e-05,0.0,0.0
1021,functions,1,4.368338284116722e-05,0.0,0.0
1022,journeys,1,4.368338284116722e-05,0.0,0.0
978,happening,1,4.368338284116722e-05,0.0,0.0
1023,trade,1,4.368338284116722e-05,0.0,0.0
149,lockdown,1,4.368338284116722e-05,0.0,0.0
150,wherever,1,4.368338284116722e-05,0.0,0.0
984,suddenly,1,4.368338284116722e-05,0.0,0.0
138,noted,1,4.368338284116722e-05,0.0,0.0
994,responsiveness,1,4.368338284116722e-05,0.0,0.0
995,reality,1,4.368338284116722e-05,0.0,0.0
1013,recovering,1,4.368338284116722e-05,0.0,0.0
125,improved,1,4.368338284116722e-05,0.0,0.0
1011,chief,1,4.368338284116722e-05,0.0,0.0
1010,dashboard,1,4.368338284116722e-05,0.0,0.0
126,invested,1,4.368338284116722e-05,0.0,0.0
220,banks,1,4.368338284116722e-05,0.0,0.0
1008,Third,1,4.368338284116722e-05,0.0,0.0
127,roads,1,4.368338284116722e-05,0.0,0.0
1006,guide,1,4.368338284116722e-05,0.0,0.0
128,boarding,1,4.368338284116722e-05,0.0,0.0
129,hierarchy,1,4.368338284116722e-05,0.0,0.0
124,still,1,4.368338284116722e-05,0.0,0.0
885,seen,1,4.368338284116722e-05,0.0,0.0
132,combine,1,4.368338284116722e-05,0.0,0.0
133,looming,1,4.368338284116722e-05,0.0,0.0
999,declined,1,4.368338284116722e-05,0.0,0.0
134,launching,1,4.368338284116722e-05,0.0,0.0
1016,increasingly,1,4.368338284116722e-05,0.0,0.0
975,businessŒbuilding,1,4.368338284116722e-05,0.0,0.0
883,named,1,4.368338284116722e-05,0.0,0.0
217,give,1,4.368338284116722e-05,0.0,0.0
1018,remembered,1,4.368338284116722e-05,0.0,0.0
882,visibility,1,4.368338284116722e-05,0.0,0.0
135,simplify,1,4.368338284116722e-05,0.0,0.0
136,sporting,1,4.368338284116722e-05,0.0,0.0
1019,reflecting,1,4.368338284116722e-05,0.0,0.0
881,supported,1,4.368338284116722e-05,0.0,0.0
1014,reserved,1,4.368338284116722e-05,0.0,0.0
191,considering,1,4.368338284116722e-05,0.0,0.0
971,AI,1,4.368338284116722e-05,0.0,0.0
152,handle,1,4.368338284116722e-05,0.0,0.0
944,avoid,1,4.368338284116722e-05,0.0,0.0
943,Within,1,4.368338284116722e-05,0.0,0.0
202,implementing,1,4.368338284116722e-05,0.0,0.0
178,comfortable,1,4.368338284116722e-05,0.0,0.0
913,Purpose,1,4.368338284116722e-05,0.0,0.0
200,frequently,1,4.368338284116722e-05,0.0,0.0
180,Business,1,4.368338284116722e-05,0.0,0.0
940,wondered,1,4.368338284116722e-05,0.0,0.0
939,neverﬂ,1,4.368338284116722e-05,0.0,0.0
196,therefore,1,4.368338284116722e-05,0.0,0.0
195,collaborations,1,4.368338284116722e-05,0.0,0.0
194,particular,1,4.368338284116722e-05,0.0,0.0
937,rigorously,1,4.368338284116722e-05,0.0,0.0
936,abates,1,4.368338284116722e-05,0.0,0.0
175,period,1,4.368338284116722e-05,0.0,0.0
935,dedicated,1,4.368338284116722e-05,0.0,0.0
918,tournaments,1,4.368338284116722e-05,0.0,0.0
933,facing,1,4.368338284116722e-05,0.0,0.0
919,transactions,1,4.368338284116722e-05,0.0,0.0
182,later,1,4.368338284116722e-05,0.0,0.0
931,ensuring,1,4.368338284116722e-05,0.0,0.0
193,through,1,4.368338284116722e-05,0.0,0.0
184,believe,1,4.368338284116722e-05,0.0,0.0
185,economic,1,4.368338284116722e-05,0.0,0.0
192,inventory,1,4.368338284116722e-05,0.0,0.0
928,elements,1,4.368338284116722e-05,0.0,0.0
927,succeed,1,4.368338284116722e-05,0.0,0.0
925,accountability,1,4.368338284116722e-05,0.0,0.0
924,servicing,1,4.368338284116722e-05,0.0,0.0
190,whose,1,4.368338284116722e-05,0.0,0.0
934,Copyright,1,4.368338284116722e-05,0.0,0.0
911,thriving,1,4.368338284116722e-05,0.0,0.0
173,committing,1,4.368338284116722e-05,0.0,0.0
910,resolve,1,4.368338284116722e-05,0.0,0.0
897,trend,1,4.368338284116722e-05,0.0,0.0
898,regardless,1,4.368338284116722e-05,0.0,0.0
899,measures,1,4.368338284116722e-05,0.0,0.0
209,Coming,1,4.368338284116722e-05,0.0,0.0
969,recognize,1,4.368338284116722e-05,0.0,0.0
968,seven,1,4.368338284116722e-05,0.0,0.0
967,loyal,1,4.368338284116722e-05,0.0,0.0
207,winner,1,4.368338284116722e-05,0.0,0.0
156,sustainability,1,4.368338284116722e-05,0.0,0.0
902,provides,1,4.368338284116722e-05,0.0,0.0
964,delivered,1,4.368338284116722e-05,0.0,0.0
963,levels,1,4.368338284116722e-05,0.0,0.0
962,high,1,4.368338284116722e-05,0.0,0.0
961,flatter,1,4.368338284116722e-05,0.0,0.0
960,strategies,1,4.368338284116722e-05,0.0,0.0
903,Although,1,4.368338284116722e-05,0.0,0.0
959,expertise,1,4.368338284116722e-05,0.0,0.0
203,figuring,1,4.368338284116722e-05,0.0,0.0
171,returns,1,4.368338284116722e-05,0.0,0.0
169,environmental,1,4.368338284116722e-05,0.0,0.0
166,sheeting,1,4.368338284116722e-05,0.0,0.0
204,redesign,1,4.368338284116722e-05,0.0,0.0
163,rapidly,1,4.368338284116722e-05,0.0,0.0
973,outsourcing,1,4.368338284116722e-05,0.0,0.0
953,torment,1,4.368338284116722e-05,0.0,0.0
205,institutionalize,1,4.368338284116722e-05,0.0,0.0
954,threatened,1,4.368338284116722e-05,0.0,0.0
161,North,1,4.368338284116722e-05,0.0,0.0
160,thus,1,4.368338284116722e-05,0.0,0.0
957,beneficial,1,4.368338284116722e-05,0.0,0.0
904,representatives,1,4.368338284116722e-05,0.0,0.0
907,dynamic,1,4.368338284116722e-05,0.0,0.0
121,economies,1,4.368338284116722e-05,0.0,0.0
490,Getting,1,4.368338284116722e-05,0.0,0.0
1027,Rebuilding,1,4.368338284116722e-05,0.0,0.0
1152,volumes,1,4.368338284116722e-05,0.0,0.0
1154,past,1,4.368338284116722e-05,0.0,0.0
1155,leisure,1,4.368338284116722e-05,0.0,0.0
1156,defined,1,4.368338284116722e-05,0.0,0.0
1157,forced,1,4.368338284116722e-05,0.0,0.0
1158,purpose,1,4.368338284116722e-05,0.0,0.0
43,projects,1,4.368338284116722e-05,0.0,0.0
1160,reallocation,1,4.368338284116722e-05,0.0,0.0
41,track,1,4.368338284116722e-05,0.0,0.0
40,pricing,1,4.368338284116722e-05,0.0,0.0
1163,individual,1,4.368338284116722e-05,0.0,0.0
1164,proven,1,4.368338284116722e-05,0.0,0.0
39,decommissioning,1,4.368338284116722e-05,0.0,0.0
1166,failure,1,4.368338284116722e-05,0.0,0.0
1167,interconnected,1,4.368338284116722e-05,0.0,0.0
1168,collection,1,4.368338284116722e-05,0.0,0.0
1169,plane,1,4.368338284116722e-05,0.0,0.0
1151,appreciation,1,4.368338284116722e-05,0.0,0.0
1150,demandingŠall,1,4.368338284116722e-05,0.0,0.0
45,commerce,1,4.368338284116722e-05,0.0,0.0
46,slow,1,4.368338284116722e-05,0.0,0.0
1127,address,1,4.368338284116722e-05,0.0,0.0
1128,capture,1,4.368338284116722e-05,0.0,0.0
55,rewiring,1,4.368338284116722e-05,0.0,0.0
1130,ecosystems,1,4.368338284116722e-05,0.0,0.0
1131,hid,1,4.368338284116722e-05,0.0,0.0
54,Over,1,4.368338284116722e-05,0.0,0.0
53,massive,1,4.368338284116722e-05,0.0,0.0
52,priorities,1,4.368338284116722e-05,0.0,0.0
38,triple,1,4.368338284116722e-05,0.0,0.0
1136,modernization,1,4.368338284116722e-05,0.0,0.0
1138,rethinking,1,4.368338284116722e-05,0.0,0.0
1139,identify,1,4.368338284116722e-05,0.0,0.0
1142,Act,1,4.368338284116722e-05,0.0,0.0
1143,coping,1,4.368338284116722e-05,0.0,0.0
1144,Editorial,1,4.368338284116722e-05,0.0,0.0
48,agendaŠand,1,4.368338284116722e-05,0.0,0.0
1146,played,1,4.368338284116722e-05,0.0,0.0
47,videoconferences,1,4.368338284116722e-05,0.0,0.0
1137,proving,1,4.368338284116722e-05,0.0,0.0
37,linking,1,4.368338284116722e-05,0.0,0.0
1172,Dramatic,1,4.368338284116722e-05,0.0,0.0
36,eliminated,1,4.368338284116722e-05,0.0,0.0
16,legacy,1,4.368338284116722e-05,0.0,0.0
1198,Before,1,4.368338284116722e-05,0.0,0.0
1199,panic,1,4.368338284116722e-05,0.0,0.0
1200,results,1,4.368338284116722e-05,0.0,0.0
1201,economy,1,4.368338284116722e-05,0.0,0.0
1202,financing,1,4.368338284116722e-05,0.0,0.0
15,medium,1,4.368338284116722e-05,0.0,0.0
1204,demonstrated,1,4.368338284116722e-05,0.0,0.0
17,fallout,1,4.368338284116722e-05,0.0,0.0
14,servicesŠtechnology,1,4.368338284116722e-05,0.0,0.0
1207,pressures,1,4.368338284116722e-05,0.0,0.0
1208,fleet,1,4.368338284116722e-05,0.0,0.0
1210,Others,1,4.368338284116722e-05,0.0,0.0
11,attacking,1,4.368338284116722e-05,0.0,0.0
4,stages,1,4.368338284116722e-05,0.0,0.0
3,competitor,1,4.368338284116722e-05,0.0,0.0
1214,nontraditional,1,4.368338284116722e-05,0.0,0.0
2,payment,1,4.368338284116722e-05,0.0,0.0
1206,premium,1,4.368338284116722e-05,0.0,0.0
1126,behavior,1,4.368338284116722e-05,0.0,0.0
18,consumers,1,4.368338284116722e-05,0.0,0.0
1193,coming,1,4.368338284116722e-05,0.0,0.0
1174,goods,1,4.368338284116722e-05,0.0,0.0
1175,seamless,1,4.368338284116722e-05,0.0,0.0
35,unexpected,1,4.368338284116722e-05,0.0,0.0
34,compressing,1,4.368338284116722e-05,0.0,0.0
1178,Images,1,4.368338284116722e-05,0.0,0.0
1179,starts,1,4.368338284116722e-05,0.0,0.0
1180,wider,1,4.368338284116722e-05,0.0,0.0
33,States,1,4.368338284116722e-05,0.0,0.0
1194,profile,1,4.368338284116722e-05,0.0,0.0
32,fragility,1,4.368338284116722e-05,0.0,0.0
1185,stew,1,4.368338284116722e-05,0.0,0.0
1186,overlap,1,4.368338284116722e-05,0.0,0.0
26,potential,1,4.368338284116722e-05,0.0,0.0
1188,paramount,1,4.368338284116722e-05,0.0,0.0
25,points,1,4.368338284116722e-05,0.0,0.0
1190,factors,1,4.368338284116722e-05,0.0,0.0
22,places,1,4.368338284116722e-05,0.0,0.0
21,empty,1,4.368338284116722e-05,0.0,0.0
27,pipeline,1,4.368338284116722e-05,0.0,0.0
1025,parallel,1,4.368338284116722e-05,0.0,0.0
56,told,1,4.368338284116722e-05,0.0,0.0
1123,yearŠalmost,1,4.368338284116722e-05,0.0,0.0
1054,Kong,1,4.368338284116722e-05,0.0,0.0
103,personalization,1,4.368338284116722e-05,0.0,0.0
102,questions,1,4.368338284116722e-05,0.0,0.0
99,established,1,4.368338284116722e-05,0.0,0.0
98,cohesive,1,4.368338284116722e-05,0.0,0.0
1059,rebuilt,1,4.368338284116722e-05,0.0,0.0
1060,lower,1,4.368338284116722e-05,0.0,0.0
1061,shocks,1,4.368338284116722e-05,0.0,0.0
97,fixed,1,4.368338284116722e-05,0.0,0.0
1063,transformation,1,4.368338284116722e-05,0.0,0.0
93,brought,1,4.368338284116722e-05,0.0,0.0
92,reduce,1,4.368338284116722e-05,0.0,0.0
91,rather,1,4.368338284116722e-05,0.0,0.0
1067,thought,1,4.368338284116722e-05,0.0,0.0
90,fell,1,4.368338284116722e-05,0.0,0.0
1069,recovered,1,4.368338284116722e-05,0.0,0.0
1070,loved,1,4.368338284116722e-05,0.0,0.0
1053,Hong,1,4.368338284116722e-05,0.0,0.0
1052,nearly,1,4.368338284116722e-05,0.0,0.0
1051,Assuming,1,4.368338284116722e-05,0.0,0.0
1050,mapping,1,4.368338284116722e-05,0.0,0.0
1028,pitch,1,4.368338284116722e-05,0.0,0.0
1029,came,1,4.368338284116722e-05,0.0,0.0
1030,governance,1,4.368338284116722e-05,0.0,0.0
1032,hardship,1,4.368338284116722e-05,0.0,0.0
1033,partial,1,4.368338284116722e-05,0.0,0.0
116,Increase,1,4.368338284116722e-05,0.0,0.0
115,First,1,4.368338284116722e-05,0.0,0.0
1036,surveyed,1,4.368338284116722e-05,0.0,0.0
89,organize,1,4.368338284116722e-05,0.0,0.0
1037,Employees,1,4.368338284116722e-05,0.0,0.0
111,another,1,4.368338284116722e-05,0.0,0.0
110,suppliers,1,4.368338284116722e-05,0.0,0.0
108,Services,1,4.368338284116722e-05,0.0,0.0
1044,Refocus,1,4.368338284116722e-05,0.0,0.0
879,inflicted,1,4.368338284116722e-05,0.0,0.0
1046,expanding,1,4.368338284116722e-05,0.0,0.0
105,imaging,1,4.368338284116722e-05,0.0,0.0
1049,Most,1,4.368338284116722e-05,0.0,0.0
1038,execute,1,4.368338284116722e-05,0.0,0.0
88,opposed,1,4.368338284116722e-05,0.0,0.0
1074,kind,1,4.368338284116722e-05,0.0,0.0
1075,That,1,4.368338284116722e-05,0.0,0.0
74,orders,1,4.368338284116722e-05,0.0,0.0
1102,striking,1,4.368338284116722e-05,0.0,0.0
1103,transportation,1,4.368338284116722e-05,0.0,0.0
1104,streamline,1,4.368338284116722e-05,0.0,0.0
1105,industries,1,4.368338284116722e-05,0.0,0.0
73,unconnected,1,4.368338284116722e-05,0.0,0.0
1107,maintain,1,4.368338284116722e-05,0.0,0.0
1108,retailers,1,4.368338284116722e-05,0.0,0.0
1100,purchase,1,4.368338284116722e-05,0.0,0.0
1109,home,1,4.368338284116722e-05,0.0,0.0
1111,incorporating,1,4.368338284116722e-05,0.0,0.0
1112,radically,1,4.368338284116722e-05,0.0,0.0
69,rebuilding,1,4.368338284116722e-05,0.0,0.0
68,expensive,1,4.368338284116722e-05,0.0,0.0
1116,continuing,1,4.368338284116722e-05,0.0,0.0
1117,experimentation,1,4.368338284116722e-05,0.0,0.0
60,employer,1,4.368338284116722e-05,0.0,0.0
59,aftermath,1,4.368338284116722e-05,0.0,0.0
1110,airlines,1,4.368338284116722e-05,0.0,0.0
57,revolutionizing,1,4.368338284116722e-05,0.0,0.0
1099,clusters,1,4.368338284116722e-05,0.0,0.0
1097,advanced,1,4.368338284116722e-05,0.0,0.0
1077,stable,1,4.368338284116722e-05,0.0,0.0
84,standards,1,4.368338284116722e-05,0.0,0.0
83,incorporate,1,4.368338284116722e-05,0.0,0.0
1080,Second,1,4.368338284116722e-05,0.0,0.0
1081,Company,1,4.368338284116722e-05,0.0,0.0
1082,Instead,1,4.368338284116722e-05,0.0,0.0
1083,among,1,4.368338284116722e-05,0.0,0.0
82,reform,1,4.368338284116722e-05,0.0,0.0
75,reeling,1,4.368338284116722e-05,0.0,0.0
1085,top,1,4.368338284116722e-05,0.0,0.0
1088,includes,1,4.368338284116722e-05,0.0,0.0
1089,refine,1,4.368338284116722e-05,0.0,0.0
1090,variety,1,4.368338284116722e-05,0.0,0.0
1091,news,1,4.368338284116722e-05,0.0,0.0
1092,rebalance,1,4.368338284116722e-05,0.0,0.0
79,unfreezingﬂ,1,4.368338284116722e-05,0.0,0.0
76,steadily,1,4.368338284116722e-05,0.0,0.0
1096,executionŠ,1,4.368338284116722e-05,0.0,0.0
1086,prioritized,1,4.368338284116722e-05,0.0,0.0
106,hastened,1,4.368338284116722e-05,0.0,0.0
245,Specifically,1,4.368338284116722e-05,0.0,0.0
875,sectors,1,4.368338284116722e-05,0.0,0.0
396,designed,1,4.368338284116722e-05,0.0,0.0
395,February,1,4.368338284116722e-05,0.0,0.0
617,meanwhile,1,4.368338284116722e-05,0.0,0.0
619,witnessing,1,4.368338284116722e-05,0.0,0.0
391,decentralization,1,4.368338284116722e-05,0.0,0.0
621,themes,1,4.368338284116722e-05,0.0,0.0
390,asked,1,4.368338284116722e-05,0.0,0.0
389,curbside,1,4.368338284116722e-05,0.0,0.0
624,described,1,4.368338284116722e-05,0.0,0.0
625,gradually,1,4.368338284116722e-05,0.0,0.0
626,fosters,1,4.368338284116722e-05,0.0,0.0
386,Use,1,4.368338284116722e-05,0.0,0.0
383,showing,1,4.368338284116722e-05,0.0,0.0
381,access,1,4.368338284116722e-05,0.0,0.0
380,earnings,1,4.368338284116722e-05,0.0,0.0
632,profound,1,4.368338284116722e-05,0.0,0.0
633,methods,1,4.368338284116722e-05,0.0,0.0
398,All,1,4.368338284116722e-05,0.0,0.0
634,promotions,1,4.368338284116722e-05,0.0,0.0
400,Rethinking,1,4.368338284116722e-05,0.0,0.0
401,If,1,4.368338284116722e-05,0.0,0.0
590,digitization,1,4.368338284116722e-05,0.0,0.0
591,identity,1,4.368338284116722e-05,0.0,0.0
414,restaurants,1,4.368338284116722e-05,0.0,0.0
412,adjusting,1,4.368338284116722e-05,0.0,0.0
596,generationŠfor,1,4.368338284116722e-05,0.0,0.0
597,cliché,1,4.368338284116722e-05,0.0,0.0
598,managing,1,4.368338284116722e-05,0.0,0.0
408,face,1,4.368338284116722e-05,0.0,0.0
600,stretched,1,4.368338284116722e-05,0.0,0.0
404,orientation,1,4.368338284116722e-05,0.0,0.0
604,diagnostics,1,4.368338284116722e-05,0.0,0.0
605,actually,1,4.368338284116722e-05,0.0,0.0
606,units,1,4.368338284116722e-05,0.0,0.0
607,Sales,1,4.368338284116722e-05,0.0,0.0
1216,brisk,1,4.368338284116722e-05,0.0,0.0
609,took,1,4.368338284116722e-05,0.0,0.0
402,because,1,4.368338284116722e-05,0.0,0.0
612,From,1,4.368338284116722e-05,0.0,0.0
416,Once,1,4.368338284116722e-05,0.0,0.0
378,testing,1,4.368338284116722e-05,0.0,0.0
637,routine,1,4.368338284116722e-05,0.0,0.0
659,ourselves,1,4.368338284116722e-05,0.0,0.0
365,delegates,1,4.368338284116722e-05,0.0,0.0
661,might,1,4.368338284116722e-05,0.0,0.0
363,previously,1,4.368338284116722e-05,0.0,0.0
663,mileﬂ,1,4.368338284116722e-05,0.0,0.0
362,Given,1,4.368338284116722e-05,0.0,0.0
665,migration,1,4.368338284116722e-05,0.0,0.0
358,short,1,4.368338284116722e-05,0.0,0.0
357,deals,1,4.368338284116722e-05,0.0,0.0
353,always,1,4.368338284116722e-05,0.0,0.0
672,exposing,1,4.368338284116722e-05,0.0,0.0
673,surely,1,4.368338284116722e-05,0.0,0.0
352,taken,1,4.368338284116722e-05,0.0,0.0
675,At,1,4.368338284116722e-05,0.0,0.0
676,premise,1,4.368338284116722e-05,0.0,0.0
677,went,1,4.368338284116722e-05,0.0,0.0
678,flight,1,4.368338284116722e-05,0.0,0.0
366,acute,1,4.368338284116722e-05,0.0,0.0
636,flagrantly,1,4.368338284116722e-05,0.0,0.0
367,nonessential,1,4.368338284116722e-05,0.0,0.0
655,reacted,1,4.368338284116722e-05,0.0,0.0
377,Internet,1,4.368338284116722e-05,0.0,0.0
639,exploring,1,4.368338284116722e-05,0.0,0.0
640,resilient,1,4.368338284116722e-05,0.0,0.0
641,deployment,1,4.368338284116722e-05,0.0,0.0
374,engagement,1,4.368338284116722e-05,0.0,0.0
643,serviceﬂ,1,4.368338284116722e-05,0.0,0.0
372,mix,1,4.368338284116722e-05,0.0,0.0
645,food,1,4.368338284116722e-05,0.0,0.0
371,products,1,4.368338284116722e-05,0.0,0.0
647,Establish,1,4.368338284116722e-05,0.0,0.0
370,Designed,1,4.368338284116722e-05,0.0,0.0
649,shown,1,4.368338284116722e-05,0.0,0.0
369,basis,1,4.368338284116722e-05,0.0,0.0
651,digitally,1,4.368338284116722e-05,0.0,0.0
652,type,1,4.368338284116722e-05,0.0,0.0
368,heights,1,4.368338284116722e-05,0.0,0.0
654,deep,1,4.368338284116722e-05,0.0,0.0
656,seeking,1,4.368338284116722e-05,0.0,0.0
418,Organizations,1,4.368338284116722e-05,0.0,0.0
419,contactlessﬂ,1,4.368338284116722e-05,0.0,0.0
585,Every,1,4.368338284116722e-05,0.0,0.0
515,April,1,4.368338284116722e-05,0.0,0.0
516,validating,1,4.368338284116722e-05,0.0,0.0
467,links,1,4.368338284116722e-05,0.0,0.0
519,goals,1,4.368338284116722e-05,0.0,0.0
520,online,1,4.368338284116722e-05,0.0,0.0
465,Early,1,4.368338284116722e-05,0.0,0.0
463,propositions,1,4.368338284116722e-05,0.0,0.0
524,disruptions,1,4.368338284116722e-05,0.0,0.0
525,putting,1,4.368338284116722e-05,0.0,0.0
526,agileﬂ,1,4.368338284116722e-05,0.0,0.0
527,lurches,1,4.368338284116722e-05,0.0,0.0
528,senior,1,4.368338284116722e-05,0.0,0.0
530,cultivation,1,4.368338284116722e-05,0.0,0.0
532,years,1,4.368338284116722e-05,0.0,0.0
459,substantial,1,4.368338284116722e-05,0.0,0.0
534,reskilling,1,4.368338284116722e-05,0.0,0.0
535,needed,1,4.368338284116722e-05,0.0,0.0
514,May,1,4.368338284116722e-05,0.0,0.0
458,repetitive,1,4.368338284116722e-05,0.0,0.0
468,football,1,4.368338284116722e-05,0.0,0.0
510,distribution,1,4.368338284116722e-05,0.0,0.0
491,integrating,1,4.368338284116722e-05,0.0,0.0
487,limited,1,4.368338284116722e-05,0.0,0.0
493,accounts,1,4.368338284116722e-05,0.0,0.0
486,microŒcustomer,1,4.368338284116722e-05,0.0,0.0
484,problems,1,4.368338284116722e-05,0.0,0.0
482,transactional,1,4.368338284116722e-05,0.0,0.0
479,Sixty,1,4.368338284116722e-05,0.0,0.0
477,Three,1,4.368338284116722e-05,0.0,0.0
476,onto,1,4.368338284116722e-05,0.0,0.0
502,ambitious,1,4.368338284116722e-05,0.0,0.0
503,Maskot,1,4.368338284116722e-05,0.0,0.0
504,triumph,1,4.368338284116722e-05,0.0,0.0
474,amid,1,4.368338284116722e-05,0.0,0.0
506,Accelerating,1,4.368338284116722e-05,0.0,0.0
473,turnaround,1,4.368338284116722e-05,0.0,0.0
508,customersŠincluding,1,4.368338284116722e-05,0.0,0.0
509,reimagine,1,4.368338284116722e-05,0.0,0.0
511,reopening,1,4.368338284116722e-05,0.0,0.0
456,challengesŠand,1,4.368338284116722e-05,0.0,0.0
538,depending,1,4.368338284116722e-05,0.0,0.0
454,planning,1,4.368338284116722e-05,0.0,0.0
565,confront,1,4.368338284116722e-05,0.0,0.0
567,recently,1,4.368338284116722e-05,0.0,0.0
568,medical,1,4.368338284116722e-05,0.0,0.0
434,American,1,4.368338284116722e-05,0.0,0.0
571,public,1,4.368338284116722e-05,0.0,0.0
430,embed,1,4.368338284116722e-05,0.0,0.0
428,Call,1,4.368338284116722e-05,0.0,0.0
575,examples,1,4.368338284116722e-05,0.0,0.0
426,catalyze,1,4.368338284116722e-05,0.0,0.0
425,unlearnedŠnamely,1,4.368338284116722e-05,0.0,0.0
578,beyond,1,4.368338284116722e-05,0.0,0.0
424,pace,1,4.368338284116722e-05,0.0,0.0
580,tailored,1,4.368338284116722e-05,0.0,0.0
422,levers,1,4.368338284116722e-05,0.0,0.0
582,Driven,1,4.368338284116722e-05,0.0,0.0
583,authority,1,4.368338284116722e-05,0.0,0.0
421,bureaucracy,1,4.368338284116722e-05,0.0,0.0
564,Start,1,4.368338284116722e-05,0.0,0.0
563,practices,1,4.368338284116722e-05,0.0,0.0
562,adaptation,1,4.368338284116722e-05,0.0,0.0
437,impact,1,4.368338284116722e-05,0.0,0.0
452,virtual,1,4.368338284116722e-05,0.0,0.0
451,recalibrated,1,4.368338284116722e-05,0.0,0.0
542,technical,1,4.368338284116722e-05,0.0,0.0
544,selling,1,4.368338284116722e-05,0.0,0.0
448,embrace,1,4.368338284116722e-05,0.0,0.0
447,various,1,4.368338284116722e-05,0.0,0.0
445,response,1,4.368338284116722e-05,0.0,0.0
549,benefits,1,4.368338284116722e-05,0.0,0.0
679,choosing,1,4.368338284116722e-05,0.0,0.0
550,cannot,1,4.368338284116722e-05,0.0,0.0
443,discovered,1,4.368338284116722e-05,0.0,0.0
554,essence,1,4.368338284116722e-05,0.0,0.0
442,feel,1,4.368338284116722e-05,0.0,0.0
441,replaced,1,4.368338284116722e-05,0.0,0.0
557,evaluating,1,4.368338284116722e-05,0.0,0.0
440,firms,1,4.368338284116722e-05,0.0,0.0
439,Human,1,4.368338284116722e-05,0.0,0.0
560,playbook,1,4.368338284116722e-05,0.0,0.0
552,widely,1,4.368338284116722e-05,0.0,0.0
351,historic,1,4.368338284116722e-05,0.0,0.0
681,pulled,1,4.368338284116722e-05,0.0,0.0
682,Develop,1,4.368338284116722e-05,0.0,0.0
804,Analyzing,1,4.368338284116722e-05,0.0,0.0
280,isn,1,4.368338284116722e-05,0.0,0.0
806,Things,1,4.368338284116722e-05,0.0,0.0
807,some,1,4.368338284116722e-05,0.0,0.0
809,identified,1,4.368338284116722e-05,0.0,0.0
810,reducing,1,4.368338284116722e-05,0.0,0.0
811,usual,1,4.368338284116722e-05,0.0,0.0
813,rebalancing,1,4.368338284116722e-05,0.0,0.0
815,reactions,1,4.368338284116722e-05,0.0,0.0
274,interact,1,4.368338284116722e-05,0.0,0.0
273,recalled,1,4.368338284116722e-05,0.0,0.0
271,suggest,1,4.368338284116722e-05,0.0,0.0
820,supportive,1,4.368338284116722e-05,0.0,0.0
268,Consider,1,4.368338284116722e-05,0.0,0.0
822,monthly,1,4.368338284116722e-05,0.0,0.0
823,moment,1,4.368338284116722e-05,0.0,0.0
267,Embracing,1,4.368338284116722e-05,0.0,0.0
281,Acceleration,1,4.368338284116722e-05,0.0,0.0
264,conduct,1,4.368338284116722e-05,0.0,0.0
283,Clear,1,4.368338284116722e-05,0.0,0.0
799,Through,1,4.368338284116722e-05,0.0,0.0
294,exhibit,1,4.368338284116722e-05,0.0,0.0
293,mindset,1,4.368338284116722e-05,0.0,0.0
782,favors,1,4.368338284116722e-05,0.0,0.0
291,segmentation,1,4.368338284116722e-05,0.0,0.0
784,factoryﬂ,1,4.368338284116722e-05,0.0,0.0
290,vaccine,1,4.368338284116722e-05,0.0,0.0
289,renewed,1,4.368338284116722e-05,0.0,0.0
787,surviving,1,4.368338284116722e-05,0.0,0.0
788,sustainable,1,4.368338284116722e-05,0.0,0.0
789,failed,1,4.368338284116722e-05,0.0,0.0
790,Fourth,1,4.368338284116722e-05,0.0,0.0
287,Getty,1,4.368338284116722e-05,0.0,0.0
792,whether,1,4.368338284116722e-05,0.0,0.0
793,becomes,1,4.368338284116722e-05,0.0,0.0
286,moves,1,4.368338284116722e-05,0.0,0.0
796,quality,1,4.368338284116722e-05,0.0,0.0
798,infrastructure,1,4.368338284116722e-05,0.0,0.0
800,adapting,1,4.368338284116722e-05,0.0,0.0
826,Francisco,1,4.368338284116722e-05,0.0,0.0
828,beautiful,1,4.368338284116722e-05,0.0,0.0
829,protect,1,4.368338284116722e-05,0.0,0.0
244,organizing,1,4.368338284116722e-05,0.0,0.0
858,dramatic,1,4.368338284116722e-05,0.0,0.0
859,methodologies,1,4.368338284116722e-05,0.0,0.0
241,domain,1,4.368338284116722e-05,0.0,0.0
861,jumping,1,4.368338284116722e-05,0.0,0.0
240,hire,1,4.368338284116722e-05,0.0,0.0
863,beats,1,4.368338284116722e-05,0.0,0.0
239,cared,1,4.368338284116722e-05,0.0,0.0
865,opportunitiesŠof,1,4.368338284116722e-05,0.0,0.0
866,primary,1,4.368338284116722e-05,0.0,0.0
237,Identify,1,4.368338284116722e-05,0.0,0.0
236,satellite,1,4.368338284116722e-05,0.0,0.0
869,relationships,1,4.368338284116722e-05,0.0,0.0
871,didn,1,4.368338284116722e-05,0.0,0.0
872,By,1,4.368338284116722e-05,0.0,0.0
231,remotely,1,4.368338284116722e-05,0.0,0.0
230,touchﬂ,1,4.368338284116722e-05,0.0,0.0
855,Speed,1,4.368338284116722e-05,0.0,0.0
854,answer,1,4.368338284116722e-05,0.0,0.0
488,Those,1,4.368338284116722e-05,0.0,0.0
852,Experience,1,4.368338284116722e-05,0.0,0.0
831,Similarly,1,4.368338284116722e-05,0.0,0.0
261,range,1,4.368338284116722e-05,0.0,0.0
259,Ecosystems,1,4.368338284116722e-05,0.0,0.0
258,program,1,4.368338284116722e-05,0.0,0.0
256,investment,1,4.368338284116722e-05,0.0,0.0
254,equally,1,4.368338284116722e-05,0.0,0.0
253,clearly,1,4.368338284116722e-05,0.0,0.0
839,analytical,1,4.368338284116722e-05,0.0,0.0
778,industry,1,4.368338284116722e-05,0.0,0.0
840,Industrial,1,4.368338284116722e-05,0.0,0.0
251,stunning,1,4.368338284116722e-05,0.0,0.0
248,rights,1,4.368338284116722e-05,0.0,0.0
846,listening,1,4.368338284116722e-05,0.0,0.0
847,asking,1,4.368338284116722e-05,0.0,0.0
848,paradigms,1,4.368338284116722e-05,0.0,0.0
247,Agile,1,4.368338284116722e-05,0.0,0.0
850,roster,1,4.368338284116722e-05,0.0,0.0
851,operational,1,4.368338284116722e-05,0.0,0.0
841,scarcest,1,4.368338284116722e-05,0.0,0.0
227,involves,1,4.368338284116722e-05,0.0,0.0
295,marketing,1,4.368338284116722e-05,0.0,0.0
774,Revolution,1,4.368338284116722e-05,0.0,0.0
341,well,1,4.368338284116722e-05,0.0,0.0
340,characteristic,1,4.368338284116722e-05,0.0,0.0
706,Another,1,4.368338284116722e-05,0.0,0.0
707,telecommunications,1,4.368338284116722e-05,0.0,0.0
708,speeded,1,4.368338284116722e-05,0.0,0.0
709,stands,1,4.368338284116722e-05,0.0,0.0
338,customization,1,4.368338284116722e-05,0.0,0.0
713,techniques,1,4.368338284116722e-05,0.0,0.0
714,should,1,4.368338284116722e-05,0.0,0.0
715,fill,1,4.368338284116722e-05,0.0,0.0
336,noticeable,1,4.368338284116722e-05,0.0,0.0
717,Building,1,4.368338284116722e-05,0.0,0.0
719,find,1,4.368338284116722e-05,0.0,0.0
720,cancelled,1,4.368338284116722e-05,0.0,0.0
721,lost,1,4.368338284116722e-05,0.0,0.0
722,once,1,4.368338284116722e-05,0.0,0.0
333,innovators,1,4.368338284116722e-05,0.0,0.0
703,maintenance,1,4.368338284116722e-05,0.0,0.0
724,clean,1,4.368338284116722e-05,0.0,0.0
702,telling,1,4.368338284116722e-05,0.0,0.0
342,expense,1,4.368338284116722e-05,0.0,0.0
683,Fouled,1,4.368338284116722e-05,0.0,0.0
350,Chinese,1,4.368338284116722e-05,0.0,0.0
685,initial,1,4.368338284116722e-05,0.0,0.0
686,Leaders,1,4.368338284116722e-05,0.0,0.0
348,San,1,4.368338284116722e-05,0.0,0.0
688,continuously,1,4.368338284116722e-05,0.0,0.0
689,forecasting,1,4.368338284116722e-05,0.0,0.0
347,entities,1,4.368338284116722e-05,0.0,0.0
691,grace,1,4.368338284116722e-05,0.0,0.0
346,Much,1,4.368338284116722e-05,0.0,0.0
693,yet,1,4.368338284116722e-05,0.0,0.0
344,Solving,1,4.368338284116722e-05,0.0,0.0
695,Industry,1,4.368338284116722e-05,0.0,0.0
696,communities,1,4.368338284116722e-05,0.0,0.0
697,idle,1,4.368338284116722e-05,0.0,0.0
698,greatly,1,4.368338284116722e-05,0.0,0.0
343,automating,1,4.368338284116722e-05,0.0,0.0
701,linked,1,4.368338284116722e-05,0.0,0.0
725,know,1,4.368338284116722e-05,0.0,0.0
726,Global,1,4.368338284116722e-05,0.0,0.0
332,speedy,1,4.368338284116722e-05,0.0,0.0
752,passenger,1,4.368338284116722e-05,0.0,0.0
316,pandemic,1,4.368338284116722e-05,0.0,0.0
755,begins,1,4.368338284116722e-05,0.0,0.0
315,together,1,4.368338284116722e-05,0.0,0.0
759,upend,1,4.368338284116722e-05,0.0,0.0
760,difficult,1,4.368338284116722e-05,0.0,0.0
761,determining,1,4.368338284116722e-05,0.0,0.0
762,cars,1,4.368338284116722e-05,0.0,0.0
312,glory,1,4.368338284116722e-05,0.0,0.0
311,pickup,1,4.368338284116722e-05,0.0,0.0
765,shareholder,1,4.368338284116722e-05,0.0,0.0
301,leveraging,1,4.368338284116722e-05,0.0,0.0
769,certainty,1,4.368338284116722e-05,0.0,0.0
300,Who,1,4.368338284116722e-05,0.0,0.0
771,behind,1,4.368338284116722e-05,0.0,0.0
772,ownership,1,4.368338284116722e-05,0.0,0.0
773,Taking,1,4.368338284116722e-05,0.0,0.0
751,understanding,1,4.368338284116722e-05,0.0,0.0
750,possibleŠthey,1,4.368338284116722e-05,0.0,0.0
749,course,1,4.368338284116722e-05,0.0,0.0
320,He,1,4.368338284116722e-05,0.0,0.0
728,rationalization,1,4.368338284116722e-05,0.0,0.0
729,supplement,1,4.368338284116722e-05,0.0,0.0
730,GES,1,4.368338284116722e-05,0.0,0.0
331,circuits,1,4.368338284116722e-05,0.0,0.0
732,enterprises,1,4.368338284116722e-05,0.0,0.0
733,events,1,4.368338284116722e-05,0.0,0.0
734,closed,1,4.368338284116722e-05,0.0,0.0
736,foundations,1,4.368338284116722e-05,0.0,0.0
298,United,1,4.368338284116722e-05,0.0,0.0
737,Return,1,4.368338284116722e-05,0.0,0.0
327,structures,1,4.368338284116722e-05,0.0,0.0
740,portfolio,1,4.368338284116722e-05,0.0,0.0
325,things,1,4.368338284116722e-05,0.0,0.0
742,heat,1,4.368338284116722e-05,0.0,0.0
743,executive,1,4.368338284116722e-05,0.0,0.0
744,procurement,1,4.368338284116722e-05,0.0,0.0
745,responding,1,4.368338284116722e-05,0.0,0.0
321,areas,1,4.368338284116722e-05,0.0,0.0
329,terms,1,4.368338284116722e-05,0.0,0.0
1217,thrive,1,4.368338284116722e-05,0.0,0.0
